Item Name,Item Price,Item Link
18-22 HONDA ACCORD RIGHT PASSENGER DOOR MIRROR SILVER NH830M SIGNAL 8 WIRES OEM,$142.50,https://www.ebay.com/itm/233957096402
License Plate Light LED Bulbs for Honda Accord 1990-2017 Civic 1990-2015 168 T10,$7.89,https://www.ebay.com/itm/122627290609
23-LED Red Strobe/Flashing Blinking Lamp for Honda Accord Civic Brake Tail Light,$13.49,https://www.ebay.com/itm/233725996525
For Honda Accord 2003-2007 LED Headlight Bulbs White High/Low BEAM 9005 9006 Kit,$24.39,https://www.ebay.com/itm/224499067609
Fit For Honda Accord 08-12 Weather Strip Outside Window Moulding Trim Seal Belt,$34.91,https://www.ebay.com/itm/153693713226
Front Bumper Bracket Beam Mount Support for Honda ACCORD 2008-2011 2012 1 Pair,$9.89,https://www.ebay.com/itm/203252815531
For Honda Accord 2018-2020 2019 Gloss Black Lip Front Grille Cover Moulding Trim,$36.80,https://www.ebay.com/itm/193841149564
HONDA ACCORD EMBLEM 98-07 REAR TRUNK CHROME BADGE back symbol logo name,$11.95,https://www.ebay.com/itm/353726483456
For Honda Accord 2008-2012 JDM Window Visors Sun Shades Rain Guards Deflectors,$31.49,https://www.ebay.com/itm/124420247030
For 13-17 Honda Accord JDM Wavy Mugen Smoke Tinted Window Visor Rain Guard Vent,$30.49,https://www.ebay.com/itm/333921237472
For Honda Accord 10TH 2018-2020 Carbon Fiber Black Door Panel Stripes Cover Trim,$23.49,https://www.ebay.com/itm/194391112247
For Honda Accord Civic 23LED Red Strobe Flashing Blinking Lamp Brake Tail Light,$10.99,https://www.ebay.com/itm/144071352224
For 2003-2007 Honda Accord 4-Dr Sedan Window Visor Vent Shades Guards Deflector,$28.44,https://www.ebay.com/itm/333549787634
For Honda Accord Civic High Power 6000K 9005 9011 LED Daytime Running Light DRL,$16.56,https://www.ebay.com/itm/222139772061
For Honda Accord 2008-2017 4x 6000K White LED Headlight High-Low Beam Bulbs Kit,$23.46,https://www.ebay.com/itm/403032140319
4pcs For Honda Accord Sedan 2018-2020 Window Visor Rain Guard Vent Sun Deflector,$31.99,https://www.ebay.com/itm/274920702459
2x Carbon Fiber Interior Central Storage Box Cover Trim For Honda Accord 2013-17,$21.42,https://www.ebay.com/itm/203667089736
For 2018-2020 Honda Accord Sedan LED Bumper Fog Lights Lamps Bezel w/ Wiring,$60.00,https://www.ebay.com/itm/114088210622
Full White Interior LED Lights Bulbs Kit Fits 2003-2012 Honda Accord Coupe Sedan,$12.89,https://www.ebay.com/itm/182148492833
100 Screw Rivets Set Car Bumper Fender Plastic Fastener Clips For Honda Accord,$6.92,https://www.ebay.com/itm/283998727739
75722-SDA-A10 Nameplate Emblem Trunk Rear Badge Logo Letter EX Fits Honda Accord,$14.99,https://www.ebay.com/itm/143681182720
FOR 2021 UP HONDA ACCORD YOFER GLOSS BLACK FOG LIGHT LAMP COVER TRIM GARNISH KIT,$55.19,https://www.ebay.com/itm/184852286700
ABS Glossy Black Lip Front Grille Cover Moulding Trim For Honda Accord 2018-2020,$37.44,https://www.ebay.com/itm/373289221324
FOR 2018 2019 2020 2021 Honda Accord GLOSS BLACK Door Handle COVERS W/SMART KH,$22.49,https://www.ebay.com/itm/403146093348
For 2018-2021 Honda Accord JDM Gloss Black Side Vent Rear Window Quarter Louver,$29.99,https://www.ebay.com/itm/313188790548
For 2003-2007 Honda Accord 4-Door Sedan Window Visors Sun Rain Guards Deflectors,$28.49,https://www.ebay.com/itm/254271848157
For Honda Accord Coupe Sedan 2003-2012 Full White Interior LED Lights Bulbs Kit ,$15.99,https://www.ebay.com/itm/265022036009
Rear Trunk Emblem Fits Honda Accord 2014-2017,$12.98,https://www.ebay.com/itm/124042887855
Fits for Honda Accord 2018+ Side Window Vent Visor Sun Rain Deflector Guard,$37.89,https://www.ebay.com/itm/254842820434
2Pcs Carbon Fiber Interior Gear Shift Cover Trim For Honda Accord 2013-2017,$22.86,https://www.ebay.com/itm/203665691154
For Honda Accord 2018 Carbon Fiber Interior Gear Shift Panel Frame Cover Trim,$56.00,https://www.ebay.com/itm/133043664528
Car Front Bumper Cover Lip Trim Gloss Black Fit For Honda Accord 2018-2019,$39.92,https://www.ebay.com/itm/153621831344
FOR 1998-2002 HONDA ACCORD 4 DOOR SEDAN JDM SMOKE WINDOW VISOR RAIN GUARD,$26.49,https://www.ebay.com/itm/333627659154
Fit For Honda Accord 10th 2018-2021 Instrument Panel Protective Film Cover Trim,$15.73,https://www.ebay.com/itm/254961690007
Bumper Trim For 2013-2015 Honda Accord Front,$45.88,https://www.ebay.com/itm/231949388741
For Honda Accord 2013 2014 2015 Combo LED Headlight High/Low Beam+Fog Light Kit,$39.67,https://www.ebay.com/itm/254978283419
Console Gear Stick Selector Display Panel Trim Cover For Honda Accord 2008-2013,$12.99,https://www.ebay.com/itm/194507477084
For Honda Accord 2008-2012 JDM Window Visors Sun Shades Rain Guards Deflectors,$25.99,https://www.ebay.com/itm/115080331347
12 x White LED Interior Bulbs Lights Package Kit For 2013-2017 2018 Honda Accord,$14.98,https://www.ebay.com/itm/321907476655
Fits Honda Accord Carbon Fiber Gear Shift Box Panel Cover Trim Sticker 2008-2012,$12.79,https://www.ebay.com/itm/294578101247
Carbon Fiber Style Rearview Side Mirror Trim Cover For Honda Accord 2018-2021,$28.99,https://www.ebay.com/itm/154657994415
ABS Glossy Black Lip Front Grille Cover Moulding Trim For Honda Accord 2018-2020,$35.99,https://www.ebay.com/itm/174049609747
US 6PCS Mirror Effect Window Center Pillar Cover Trim For Honda Accord 2013-2017,$14.99,https://www.ebay.com/itm/283440274176
Fit Honda Accord 2003-07 Sedan 4Dr Shield Vent Deflector Window Visor Rain Guard,$29.99,https://www.ebay.com/itm/154292520816
For Honda Accord 10th 2018-2020 Carbon Fiber Black Door Panel Stripes Cover Trim,$23.99,https://www.ebay.com/itm/153919784911
For Honda Accord 2018-2020 Front Grille Chrome Delete Blackout Precut Vinyl Trim,$13.62,https://www.ebay.com/itm/402907543379
For Honda Accord 2018-2021 Carbon Fiber Style Gear Shift Box Panel Cover Trim,$45.99,https://www.ebay.com/itm/393368074200
OEM Factory 98-02 Honda Accord SEDAN Front Bumper Emblem Grille Honda Badge ,$38.39,https://www.ebay.com/itm/224702346332
For 2008-2012 Honda Accord 4Dr Sedan Black Headlights Lamps Left+Right 08 09 10,$148.38,https://www.ebay.com/itm/303481657221
For 2018-2021 Honda Accord AKASAKA Rear Bumper Diffuser Lip Trim Glossy BLK 3PCS,$130.34,https://www.ebay.com/itm/192942849673
For Honda ACCORD Sedan 2008-2012 New Front Pair Door Weatherstrip Moulding Seal,$36.81,https://www.ebay.com/itm/323765160014
For Honda Accord Civic Acura TSX TL ILX COMPLETE HOUSING LED License Plate Light,$11.98,https://www.ebay.com/itm/183442025840
Fit 13-17 Honda Accord 9TH Gen 4 Dr JDM Rear Window Roof Vent Visor Spoiler Wing,$44.49,https://www.ebay.com/itm/193223095583
OEM 75700-S9A-G00 Grille Mounted Chrome Honda H Emblem Nameplate for Accord New,$18.72,https://www.ebay.com/itm/313063296340
Red Strobe/Flashing Blinking LED Lamp for Honda Civic Accord Brake Tail Light,$13.69,https://www.ebay.com/itm/265251304548
Genuine OEM Honda Neo-Wedge Clock Light Bulb T3 - 2 pack   35505-S84-N01,$9.95,https://www.ebay.com/itm/400409045580
RACING SET Red H Emblem Front Rear Steering Fit 2018-21 HONDA ACCORD SEDAN OEM,$76.00,https://www.ebay.com/itm/392891596705
For Honda Accord Carbon Fiber Car Front Fog Light Lamp Panel Trim 2018-2020 ,$26.99,https://www.ebay.com/itm/363565777706
Fits 1998 1999 2000 2001 2002 Honda Accord Sedan Window Visors Rain Guard Shade,$26.99,https://www.ebay.com/itm/254643483598
LED BUMPER FOG LIGHTS LAMPS BEZEL W/SWITCH FIT FOR  HONDA ACCORD SEDAN 2018-2019,$58.90,https://www.ebay.com/itm/283997253113
Genuine Honda Accord 2018-2022 Front Bumper Distance Sensor Millwave Radar Cover,$16.74,https://www.ebay.com/itm/284441660526
For 2018-2021 Honda Accord Rear Bumper Reflector LED Light Brake DRL Signal Lamp,$49.88,https://www.ebay.com/itm/164875128919
For Honda Accord Civic 2006-2019  H11 Fog Light Projector Lens Yellow LED Bulbs,$13.99,https://www.ebay.com/itm/274470243462
For Honda Accord Civic 2006-2019 H8 H11 Fog Light Projector Lens White LED Bulbs,$10.98,https://www.ebay.com/itm/154057105745
100 Screw Rivets Set Car Bumper Fender Plastic Fastener Clips For Honda Accord,$5.88,https://www.ebay.com/itm/265261634082
Carbon Fiber Interior Gear Shift Frame Cover Trim For Honda Accord 2013-2017,$18.02,https://www.ebay.com/itm/203665550157
